{"cameraMode":{"drawMode":0,"name":"Shaded","section":"Shading Mode"},"sceneLighting":false,"audioPlay":false,"sceneViewState":{"m_AlwaysRefresh":false,"showFog":true,"showSkybox":false,"showFlares":true,"showImageEffects":true,"showParticleSystems":true,"showVisualEffectGraphs":true,"m_FxEnabled":true},"in2DMode":false,"pivot":{"x":0.13671144843101502,"y":1.1582120656967164,"z":0.3208285868167877},"rotation":{"x":0.0006587058305740356,"y":0.9314975738525391,"z":-0.3637693524360657,"w":0.0016773901879787446},"size":1.9685473442077637,"orthographic":false}