{"cameraMode":{"drawMode":0,"name":"Shaded","section":"Shading Mode"},"sceneLighting":false,"audioPlay":false,"sceneViewState":{"m_AlwaysRefresh":false,"showFog":true,"showSkybox":false,"showFlares":true,"showImageEffects":true,"showParticleSystems":true,"showVisualEffectGraphs":true,"m_FxEnabled":true},"in2DMode":false,"pivot":{"x":0.13995835185050965,"y":1.0525791645050049,"z":-0.030320465564727784},"rotation":{"x":0.0028113117441534998,"y":-0.989669680595398,"z":0.1419902741909027,"w":0.019594307988882066},"size":1.7007766962051392,"orthographic":false}