{"cameraMode":{"drawMode":0,"name":"Shaded","section":"Shading Mode"},"sceneLighting":false,"audioPlay":false,"sceneViewState":{"m_AlwaysRefresh":false,"showFog":true,"showSkybox":false,"showFlares":true,"showImageEffects":true,"showParticleSystems":true,"showVisualEffectGraphs":true,"m_FxEnabled":true},"in2DMode":false,"pivot":{"x":4.992833614349365,"y":0.34164440631866457,"z":2.900338649749756},"rotation":{"x":0.005158985033631325,"y":-0.9919249415397644,"z":0.04288693144917488,"w":0.11932572722434998},"size":1.8623552322387696,"orthographic":false}