{"cameraMode":{"drawMode":0,"name":"Shaded","section":"Shading Mode"},"sceneLighting":true,"audioPlay":false,"sceneViewState":{"m_AlwaysRefresh":false,"showFog":true,"showSkybox":true,"showFlares":true,"showImageEffects":true,"showParticleSystems":true,"showVisualEffectGraphs":true,"m_FxEnabled":true},"in2DMode":false,"pivot":{"x":2.214909553527832,"y":0.5304401516914368,"z":1.4790953397750855},"rotation":{"x":0.34889882802963259,"y":0.002811150159686804,"z":-0.001046850229613483,"w":0.9371528029441834},"size":19.866609573364259,"orthographic":false}