{"cameraMode":{"drawMode":0,"name":"Shaded","section":"Shading Mode"},"sceneLighting":true,"audioPlay":false,"sceneViewState":{"m_AlwaysRefresh":false,"showFog":true,"showSkybox":true,"showFlares":true,"showImageEffects":true,"showParticleSystems":true,"showVisualEffectGraphs":true,"m_FxEnabled":true},"in2DMode":false,"pivot":{"x":0.0058629512786865238,"y":1.6798911094665528,"z":3.479315757751465},"rotation":{"x":0.31630784273147585,"y":0.01849709078669548,"z":-0.006168711464852095,"w":0.9484564065933228},"size":9.117960929870606,"orthographic":false}