{"cameraMode":{"drawMode":0,"name":"Shaded","section":"Shading Mode"},"sceneLighting":false,"audioPlay":false,"sceneViewState":{"m_AlwaysRefresh":false,"showFog":true,"showSkybox":false,"showFlares":true,"showImageEffects":true,"showParticleSystems":true,"showVisualEffectGraphs":true,"m_FxEnabled":true},"in2DMode":false,"pivot":{"x":0.24584972858428956,"y":0.6683348417282105,"z":0.48077392578125},"rotation":{"x":0.0006587058305740356,"y":0.9314975738525391,"z":-0.3637693524360657,"w":0.0016773901879787446},"size":1.4574391841888428,"orthographic":false}