{"cameraMode":{"drawMode":0,"name":"Shaded","section":"Shading Mode"},"sceneLighting":false,"audioPlay":false,"sceneViewState":{"m_AlwaysRefresh":false,"showFog":true,"showSkybox":false,"showFlares":true,"showImageEffects":true,"showParticleSystems":true,"showVisualEffectGraphs":true,"m_FxEnabled":true},"in2DMode":false,"pivot":{"x":0.007162436842918396,"y":1.0161157846450806,"z":-3.3430471420288088},"rotation":{"x":0.0008733550203032792,"y":0.9986438751220703,"z":0.049164723604917529,"w":-0.0176756102591753},"size":3.557438850402832,"orthographic":false}